id,firstname,lastname,email,salary,age
1,Janet,Fisher,Janet.Fisher@gmail.com,3,31.0
2,Doyle,Koepp,Doyle_Koepp@yahoo.com,0,17.0
3,Brandon,Heller,Brandon44@hotmail.com,3,39.0
4,Jeffrey,Tillman,Jeffrey.Tillman@hotmail.com,3,38.0
5,Karen,Durgan,Karen57@yahoo.com,2,69.625
6,Lucille,Bergstrom,Lucille_Bergstrom24@hotmail.com,-1,48.0
7,Maxine,Hayes,Maxine.Hayes76@hotmail.com,-2,10.625
8,Ronnie,Rogahn-Gusikowski,Ronnie_Rogahn-Gusikowski@hotmail.com,-5,40.0
9,Terry,Emmerich,Terry_Emmerich@yahoo.com,-2,46.0
10,Daisy,Crona-Breitenberg,Daisy.Crona-Breitenberg15@gmail.com,-5,69.625
